repo,path,size,branch,raw_url
aomam,.github/workflows/main.yml,933,main,https://raw.githubusercontent.com/uppermoon77/aomam/main/.github/workflows/main.yml
aomam,AM01JULI2026,332496,main,https://raw.githubusercontent.com/uppermoon77/aomam/main/AM01JULI2026
aomam,AM02JULI2026,332496,main,https://raw.githubusercontent.com/uppermoon77/aomam/main/AM02JULI2026
aomam,AM03JULI2026,332496,main,https://raw.githubusercontent.com/uppermoon77/aomam/main/AM03JULI2026
aomam,AM04JULI2026,332496,main,https://raw.githubusercontent.com/uppermoon77/aomam/main/AM04JULI2026
aomam,AM05JULI2026,332496,main,https://raw.githubusercontent.com/uppermoon77/aomam/main/AM05JULI2026
aomam,AM06JULI2026,332496,main,https://raw.githubusercontent.com/uppermoon77/aomam/main/AM06JULI2026
aomam,AM07JULI2026,332496,main,https://raw.githubusercontent.com/uppermoon77/aomam/main/AM07JULI2026
aomam,AM08JULI2026,332496,main,https://raw.githubusercontent.com/uppermoon77/aomam/main/AM08JULI2026
aomam,AM09JULI2026,332496,main,https://raw.githubusercontent.com/uppermoon77/aomam/main/AM09JULI2026
aomam,AM10JULI2026,332496,main,https://raw.githubusercontent.com/uppermoon77/aomam/main/AM10JULI2026
aomam,AM11JULI2026,332496,main,https://raw.githubusercontent.com/uppermoon77/aomam/main/AM11JULI2026
aomam,AM12JULI2026,332496,main,https://raw.githubusercontent.com/uppermoon77/aomam/main/AM12JULI2026
aomam,AM13JULI2026,332496,main,https://raw.githubusercontent.com/uppermoon77/aomam/main/AM13JULI2026
aomam,AM14JULI2026,332496,main,https://raw.githubusercontent.com/uppermoon77/aomam/main/AM14JULI2026
aomam,AM15JULI2026,332496,main,https://raw.githubusercontent.com/uppermoon77/aomam/main/AM15JULI2026
aomam,AM16JULI2026,332496,main,https://raw.githubusercontent.com/uppermoon77/aomam/main/AM16JULI2026
aomam,AM17JULI2026,332496,main,https://raw.githubusercontent.com/uppermoon77/aomam/main/AM17JULI2026
aomam,AM18JULI2026,332496,main,https://raw.githubusercontent.com/uppermoon77/aomam/main/AM18JULI2026
aomam,AM19JULI2026,332496,main,https://raw.githubusercontent.com/uppermoon77/aomam/main/AM19JULI2026
aomam,AM20JULI2026,332496,main,https://raw.githubusercontent.com/uppermoon77/aomam/main/AM20JULI2026
aomam,AM21JULI2026,332496,main,https://raw.githubusercontent.com/uppermoon77/aomam/main/AM21JULI2026
aomam,AM22JULI2026,332496,main,https://raw.githubusercontent.com/uppermoon77/aomam/main/AM22JULI2026
aomam,AM23JULI2026,332496,main,https://raw.githubusercontent.com/uppermoon77/aomam/main/AM23JULI2026
aomam,AM24JULI2026,332496,main,https://raw.githubusercontent.com/uppermoon77/aomam/main/AM24JULI2026
aomam,AM25JULI2026,332496,main,https://raw.githubusercontent.com/uppermoon77/aomam/main/AM25JULI2026
aomam,AM26JULI2026,332496,main,https://raw.githubusercontent.com/uppermoon77/aomam/main/AM26JULI2026
aomam,AM27JULI2026,332496,main,https://raw.githubusercontent.com/uppermoon77/aomam/main/AM27JULI2026
aomam,AM28JULI2026,332496,main,https://raw.githubusercontent.com/uppermoon77/aomam/main/AM28JULI2026
aomam,AM29JULI2026,332496,main,https://raw.githubusercontent.com/uppermoon77/aomam/main/AM29JULI2026
aomam,AM30JULI2026,332496,main,https://raw.githubusercontent.com/uppermoon77/aomam/main/AM30JULI2026
aomam,AM31JULI2026,332496,main,https://raw.githubusercontent.com/uppermoon77/aomam/main/AM31JULI2026
aomam,update_github_file.py,14655,main,https://raw.githubusercontent.com/uppermoon77/aomam/main/update_github_file.py
ester,.github/workflows/main.yml,933,main,https://raw.githubusercontent.com/uppermoon77/ester/main/.github/workflows/main.yml
ester,ER01DESEMBER2026,332500,main,https://raw.githubusercontent.com/uppermoon77/ester/main/ER01DESEMBER2026
ester,ER02DESEMBER2026,332500,main,https://raw.githubusercontent.com/uppermoon77/ester/main/ER02DESEMBER2026
ester,ER03DESEMBER2026,332500,main,https://raw.githubusercontent.com/uppermoon77/ester/main/ER03DESEMBER2026
ester,ER04DESEMBER2026,332500,main,https://raw.githubusercontent.com/uppermoon77/ester/main/ER04DESEMBER2026
ester,ER05DESEMBER2026,332500,main,https://raw.githubusercontent.com/uppermoon77/ester/main/ER05DESEMBER2026
ester,ER06DESEMBER2026,332500,main,https://raw.githubusercontent.com/uppermoon77/ester/main/ER06DESEMBER2026
ester,ER07DESEMBER2026,332500,main,https://raw.githubusercontent.com/uppermoon77/ester/main/ER07DESEMBER2026
ester,ER08DESEMBER2026,332500,main,https://raw.githubusercontent.com/uppermoon77/ester/main/ER08DESEMBER2026
ester,ER09DESEMBER2026,332500,main,https://raw.githubusercontent.com/uppermoon77/ester/main/ER09DESEMBER2026
ester,ER10DESEMBER2026,332500,main,https://raw.githubusercontent.com/uppermoon77/ester/main/ER10DESEMBER2026
ester,ER11DESEMBER2026,332500,main,https://raw.githubusercontent.com/uppermoon77/ester/main/ER11DESEMBER2026
ester,ER12DESEMBER2026,332500,main,https://raw.githubusercontent.com/uppermoon77/ester/main/ER12DESEMBER2026
ester,ER13DESEMBER2026,332500,main,https://raw.githubusercontent.com/uppermoon77/ester/main/ER13DESEMBER2026
ester,ER14DESEMBER2026,332500,main,https://raw.githubusercontent.com/uppermoon77/ester/main/ER14DESEMBER2026
ester,ER15DESEMBER2026,332500,main,https://raw.githubusercontent.com/uppermoon77/ester/main/ER15DESEMBER2026
ester,ER16DESEMBER2026,332500,main,https://raw.githubusercontent.com/uppermoon77/ester/main/ER16DESEMBER2026
ester,ER17DESEMBER2026,332500,main,https://raw.githubusercontent.com/uppermoon77/ester/main/ER17DESEMBER2026
ester,ER18DESEMBER2026,332500,main,https://raw.githubusercontent.com/uppermoon77/ester/main/ER18DESEMBER2026
ester,ER19DESEMBER2026,332500,main,https://raw.githubusercontent.com/uppermoon77/ester/main/ER19DESEMBER2026
ester,ER20DESEMBER2026,332500,main,https://raw.githubusercontent.com/uppermoon77/ester/main/ER20DESEMBER2026
ester,ER21DESEMBER2026,332500,main,https://raw.githubusercontent.com/uppermoon77/ester/main/ER21DESEMBER2026
ester,ER22DESEMBER2026,332500,main,https://raw.githubusercontent.com/uppermoon77/ester/main/ER22DESEMBER2026
ester,ER23DESEMBER2026,332500,main,https://raw.githubusercontent.com/uppermoon77/ester/main/ER23DESEMBER2026
ester,ER24DESEMBER2026,332500,main,https://raw.githubusercontent.com/uppermoon77/ester/main/ER24DESEMBER2026
ester,ER25DESEMBER2026,332500,main,https://raw.githubusercontent.com/uppermoon77/ester/main/ER25DESEMBER2026
ester,ER26DESEMBER2026,332500,main,https://raw.githubusercontent.com/uppermoon77/ester/main/ER26DESEMBER2026
ester,ER27DESEMBER2026,332500,main,https://raw.githubusercontent.com/uppermoon77/ester/main/ER27DESEMBER2026
ester,ER28DESEMBER2026,332500,main,https://raw.githubusercontent.com/uppermoon77/ester/main/ER28DESEMBER2026
ester,ER29DESEMBER2026,332500,main,https://raw.githubusercontent.com/uppermoon77/ester/main/ER29DESEMBER2026
ester,ER30DESEMBER2026,332500,main,https://raw.githubusercontent.com/uppermoon77/ester/main/ER30DESEMBER2026
ester,ER31DESEMBER2026,332500,main,https://raw.githubusercontent.com/uppermoon77/ester/main/ER31DESEMBER2026
ester,update_github_file.py,14663,main,https://raw.githubusercontent.com/uppermoon77/ester/main/update_github_file.py
bodyslam,.github/workflows/main.yml,936,main,https://raw.githubusercontent.com/uppermoon77/bodyslam/main/.github/workflows/main.yml
bodyslam,BS01AGUSTUS2026,332499,main,https://raw.githubusercontent.com/uppermoon77/bodyslam/main/BS01AGUSTUS2026
bodyslam,BS02AGUSTUS2026,332499,main,https://raw.githubusercontent.com/uppermoon77/bodyslam/main/BS02AGUSTUS2026
bodyslam,BS03AGUSTUS2026,332499,main,https://raw.githubusercontent.com/uppermoon77/bodyslam/main/BS03AGUSTUS2026
bodyslam,BS04AGUSTUS2026,332499,main,https://raw.githubusercontent.com/uppermoon77/bodyslam/main/BS04AGUSTUS2026
bodyslam,BS05AGUSTUS2026,332499,main,https://raw.githubusercontent.com/uppermoon77/bodyslam/main/BS05AGUSTUS2026
bodyslam,BS06AGUSTUS2026,332499,main,https://raw.githubusercontent.com/uppermoon77/bodyslam/main/BS06AGUSTUS2026
bodyslam,BS07AGUSTUS2026,332499,main,https://raw.githubusercontent.com/uppermoon77/bodyslam/main/BS07AGUSTUS2026
bodyslam,BS08AGUSTUS2026,332499,main,https://raw.githubusercontent.com/uppermoon77/bodyslam/main/BS08AGUSTUS2026
bodyslam,BS09AGUSTUS2026,332499,main,https://raw.githubusercontent.com/uppermoon77/bodyslam/main/BS09AGUSTUS2026
bodyslam,BS10AGUSTUS2026,332499,main,https://raw.githubusercontent.com/uppermoon77/bodyslam/main/BS10AGUSTUS2026
bodyslam,BS11AGUSTUS2026,332499,main,https://raw.githubusercontent.com/uppermoon77/bodyslam/main/BS11AGUSTUS2026
bodyslam,BS12AGUSTUS2026,332499,main,https://raw.githubusercontent.com/uppermoon77/bodyslam/main/BS12AGUSTUS2026
bodyslam,BS13AGUSTUS2026,332499,main,https://raw.githubusercontent.com/uppermoon77/bodyslam/main/BS13AGUSTUS2026
bodyslam,BS14AGUSTUS2026,332499,main,https://raw.githubusercontent.com/uppermoon77/bodyslam/main/BS14AGUSTUS2026
bodyslam,BS15AGUSTUS2026,332499,main,https://raw.githubusercontent.com/uppermoon77/bodyslam/main/BS15AGUSTUS2026
bodyslam,BS16AGUSTUS2026,332499,main,https://raw.githubusercontent.com/uppermoon77/bodyslam/main/BS16AGUSTUS2026
bodyslam,BS17AGUSTUS2026,332499,main,https://raw.githubusercontent.com/uppermoon77/bodyslam/main/BS17AGUSTUS2026
bodyslam,BS18AGUSTUS2026,332499,main,https://raw.githubusercontent.com/uppermoon77/bodyslam/main/BS18AGUSTUS2026
bodyslam,BS19AGUSTUS2026,332499,main,https://raw.githubusercontent.com/uppermoon77/bodyslam/main/BS19AGUSTUS2026
bodyslam,BS20AGUSTUS2026,332499,main,https://raw.githubusercontent.com/uppermoon77/bodyslam/main/BS20AGUSTUS2026
bodyslam,BS21AGUSTUS2026,332499,main,https://raw.githubusercontent.com/uppermoon77/bodyslam/main/BS21AGUSTUS2026
bodyslam,BS22AGUSTUS2026,332499,main,https://raw.githubusercontent.com/uppermoon77/bodyslam/main/BS22AGUSTUS2026
bodyslam,BS23AGUSTUS2026,332499,main,https://raw.githubusercontent.com/uppermoon77/bodyslam/main/BS23AGUSTUS2026
bodyslam,BS24AGUSTUS2026,332499,main,https://raw.githubusercontent.com/uppermoon77/bodyslam/main/BS24AGUSTUS2026
bodyslam,BS25AGUSTUS2026,332499,main,https://raw.githubusercontent.com/uppermoon77/bodyslam/main/BS25AGUSTUS2026
bodyslam,BS26AGUSTUS2026,332499,main,https://raw.githubusercontent.com/uppermoon77/bodyslam/main/BS26AGUSTUS2026
bodyslam,BS27AGUSTUS2026,332499,main,https://raw.githubusercontent.com/uppermoon77/bodyslam/main/BS27AGUSTUS2026
bodyslam,BS28AGUSTUS2026,332499,main,https://raw.githubusercontent.com/uppermoon77/bodyslam/main/BS28AGUSTUS2026
bodyslam,BS29AGUSTUS2026,332499,main,https://raw.githubusercontent.com/uppermoon77/bodyslam/main/BS29AGUSTUS2026
bodyslam,BS30AGUSTUS2026,332499,main,https://raw.githubusercontent.com/uppermoon77/bodyslam/main/BS30AGUSTUS2026
bodyslam,BS31AGUSTUS2026,332499,main,https://raw.githubusercontent.com/uppermoon77/bodyslam/main/BS31AGUSTUS2026
bodyslam,update_github_file.py,14664,main,https://raw.githubusercontent.com/uppermoon77/bodyslam/main/update_github_file.py
dtk,.github/workflows/main.yml,931,main,https://raw.githubusercontent.com/uppermoon77/dtk/main/.github/workflows/main.yml
dtk,DT01MEI2026,332495,main,https://raw.githubusercontent.com/uppermoon77/dtk/main/DT01MEI2026
dtk,DT02MEI2026,332495,main,https://raw.githubusercontent.com/uppermoon77/dtk/main/DT02MEI2026
dtk,DT03MEI2026,332495,main,https://raw.githubusercontent.com/uppermoon77/dtk/main/DT03MEI2026
dtk,DT04MEI2026,332495,main,https://raw.githubusercontent.com/uppermoon77/dtk/main/DT04MEI2026
dtk,DT05MEI2026,332495,main,https://raw.githubusercontent.com/uppermoon77/dtk/main/DT05MEI2026
dtk,DT06MEI2026,332495,main,https://raw.githubusercontent.com/uppermoon77/dtk/main/DT06MEI2026
dtk,DT07MEI2026,332495,main,https://raw.githubusercontent.com/uppermoon77/dtk/main/DT07MEI2026
dtk,DT08MEI2026,332495,main,https://raw.githubusercontent.com/uppermoon77/dtk/main/DT08MEI2026
dtk,DT09MEI2026,332495,main,https://raw.githubusercontent.com/uppermoon77/dtk/main/DT09MEI2026
dtk,DT10MEI2026,332495,main,https://raw.githubusercontent.com/uppermoon77/dtk/main/DT10MEI2026
dtk,DT11MEI2026,332495,main,https://raw.githubusercontent.com/uppermoon77/dtk/main/DT11MEI2026
dtk,DT12MEI2026,332495,main,https://raw.githubusercontent.com/uppermoon77/dtk/main/DT12MEI2026
dtk,DT13MEI2026,332495,main,https://raw.githubusercontent.com/uppermoon77/dtk/main/DT13MEI2026
dtk,DT14MEI2026,332495,main,https://raw.githubusercontent.com/uppermoon77/dtk/main/DT14MEI2026
dtk,DT15MEI2026,332495,main,https://raw.githubusercontent.com/uppermoon77/dtk/main/DT15MEI2026
dtk,DT16MEI2026,332495,main,https://raw.githubusercontent.com/uppermoon77/dtk/main/DT16MEI2026
dtk,DT17MEI2026,332495,main,https://raw.githubusercontent.com/uppermoon77/dtk/main/DT17MEI2026
dtk,DT18MEI2026,332495,main,https://raw.githubusercontent.com/uppermoon77/dtk/main/DT18MEI2026
dtk,DT19MEI2026,332495,main,https://raw.githubusercontent.com/uppermoon77/dtk/main/DT19MEI2026
dtk,DT20MEI2026,332495,main,https://raw.githubusercontent.com/uppermoon77/dtk/main/DT20MEI2026
dtk,DT21MEI2026,332495,main,https://raw.githubusercontent.com/uppermoon77/dtk/main/DT21MEI2026
dtk,DT22MEI2026,332495,main,https://raw.githubusercontent.com/uppermoon77/dtk/main/DT22MEI2026
dtk,DT23MEI2026,332495,main,https://raw.githubusercontent.com/uppermoon77/dtk/main/DT23MEI2026
dtk,DT24MEI2026,332495,main,https://raw.githubusercontent.com/uppermoon77/dtk/main/DT24MEI2026
dtk,DT25MEI2026,332495,main,https://raw.githubusercontent.com/uppermoon77/dtk/main/DT25MEI2026
dtk,DT26MEI2026,332495,main,https://raw.githubusercontent.com/uppermoon77/dtk/main/DT26MEI2026
dtk,DT27MEI2026,332495,main,https://raw.githubusercontent.com/uppermoon77/dtk/main/DT27MEI2026
dtk,DT28MEI2026,332495,main,https://raw.githubusercontent.com/uppermoon77/dtk/main/DT28MEI2026
dtk,DT29MEI2026,332495,main,https://raw.githubusercontent.com/uppermoon77/dtk/main/DT29MEI2026
dtk,DT30MEI2026,332495,main,https://raw.githubusercontent.com/uppermoon77/dtk/main/DT30MEI2026
dtk,DT31MEI2026,332495,main,https://raw.githubusercontent.com/uppermoon77/dtk/main/DT31MEI2026
dtk,update_github_file.py,14651,main,https://raw.githubusercontent.com/uppermoon77/dtk/main/update_github_file.py
cdguntee,.github/workflows/main.yml,936,main,https://raw.githubusercontent.com/uppermoon77/cdguntee/main/.github/workflows/main.yml
cdguntee,CD01NOVEMBER2025,3850,main,https://raw.githubusercontent.com/uppermoon77/cdguntee/main/CD01NOVEMBER2025
cdguntee,CD02NOVEMBER2025,3850,main,https://raw.githubusercontent.com/uppermoon77/cdguntee/main/CD02NOVEMBER2025
cdguntee,CD03NOVEMBER2025,3850,main,https://raw.githubusercontent.com/uppermoon77/cdguntee/main/CD03NOVEMBER2025
cdguntee,CD04NOVEMBER2025,3850,main,https://raw.githubusercontent.com/uppermoon77/cdguntee/main/CD04NOVEMBER2025
cdguntee,CD05NOVEMBER2025,3850,main,https://raw.githubusercontent.com/uppermoon77/cdguntee/main/CD05NOVEMBER2025
cdguntee,CD06NOVEMBER2025,3850,main,https://raw.githubusercontent.com/uppermoon77/cdguntee/main/CD06NOVEMBER2025
cdguntee,CD07NOVEMBER2025,3850,main,https://raw.githubusercontent.com/uppermoon77/cdguntee/main/CD07NOVEMBER2025
cdguntee,CD08NOVEMBER2025,3850,main,https://raw.githubusercontent.com/uppermoon77/cdguntee/main/CD08NOVEMBER2025
cdguntee,CD09NOVEMBER2025,3850,main,https://raw.githubusercontent.com/uppermoon77/cdguntee/main/CD09NOVEMBER2025
cdguntee,CD10NOVEMBER2025,3850,main,https://raw.githubusercontent.com/uppermoon77/cdguntee/main/CD10NOVEMBER2025
cdguntee,CD11NOVEMBER2025,3850,main,https://raw.githubusercontent.com/uppermoon77/cdguntee/main/CD11NOVEMBER2025
cdguntee,CD12NOVEMBER2025,3850,main,https://raw.githubusercontent.com/uppermoon77/cdguntee/main/CD12NOVEMBER2025
cdguntee,CD13NOVEMBER2025,3850,main,https://raw.githubusercontent.com/uppermoon77/cdguntee/main/CD13NOVEMBER2025
cdguntee,CD14NOVEMBER2025,3850,main,https://raw.githubusercontent.com/uppermoon77/cdguntee/main/CD14NOVEMBER2025
cdguntee,CD15NOVEMBER2025,3850,main,https://raw.githubusercontent.com/uppermoon77/cdguntee/main/CD15NOVEMBER2025
cdguntee,CD16NOVEMBER2025,3850,main,https://raw.githubusercontent.com/uppermoon77/cdguntee/main/CD16NOVEMBER2025
cdguntee,CD17NOVEMBER2025,3850,main,https://raw.githubusercontent.com/uppermoon77/cdguntee/main/CD17NOVEMBER2025
cdguntee,CD18NOVEMBER2025,3850,main,https://raw.githubusercontent.com/uppermoon77/cdguntee/main/CD18NOVEMBER2025
cdguntee,CD19NOVEMBER2025,3850,main,https://raw.githubusercontent.com/uppermoon77/cdguntee/main/CD19NOVEMBER2025
cdguntee,CD20NOVEMBER2025,3850,main,https://raw.githubusercontent.com/uppermoon77/cdguntee/main/CD20NOVEMBER2025
cdguntee,CD21NOVEMBER2025,3850,main,https://raw.githubusercontent.com/uppermoon77/cdguntee/main/CD21NOVEMBER2025
cdguntee,CD22NOVEMBER2025,3850,main,https://raw.githubusercontent.com/uppermoon77/cdguntee/main/CD22NOVEMBER2025
cdguntee,CD23NOVEMBER2025,3850,main,https://raw.githubusercontent.com/uppermoon77/cdguntee/main/CD23NOVEMBER2025
cdguntee,CD24NOVEMBER2025,3850,main,https://raw.githubusercontent.com/uppermoon77/cdguntee/main/CD24NOVEMBER2025
cdguntee,CD25NOVEMBER2025,3850,main,https://raw.githubusercontent.com/uppermoon77/cdguntee/main/CD25NOVEMBER2025
cdguntee,CD26NOVEMBER2025,3850,main,https://raw.githubusercontent.com/uppermoon77/cdguntee/main/CD26NOVEMBER2025
cdguntee,CD27NOVEMBER2025,3850,main,https://raw.githubusercontent.com/uppermoon77/cdguntee/main/CD27NOVEMBER2025
cdguntee,CD28NOVEMBER2025,3850,main,https://raw.githubusercontent.com/uppermoon77/cdguntee/main/CD28NOVEMBER2025
cdguntee,CD29NOVEMBER2025,3850,main,https://raw.githubusercontent.com/uppermoon77/cdguntee/main/CD29NOVEMBER2025
cdguntee,CD30NOVEMBER2025,3850,main,https://raw.githubusercontent.com/uppermoon77/cdguntee/main/CD30NOVEMBER2025
cdguntee,cdguntee,367702,main,https://raw.githubusercontent.com/uppermoon77/cdguntee/main/cdguntee
cdguntee,update_github_file.py,14666,main,https://raw.githubusercontent.com/uppermoon77/cdguntee/main/update_github_file.py
guygee,.github/workflows/main.yml,934,main,https://raw.githubusercontent.com/uppermoon77/guygee/main/.github/workflows/main.yml
guygee,GG01NOVEMBER2025,3850,main,https://raw.githubusercontent.com/uppermoon77/guygee/main/GG01NOVEMBER2025
guygee,GG02NOVEMBER2025,3850,main,https://raw.githubusercontent.com/uppermoon77/guygee/main/GG02NOVEMBER2025
guygee,GG03NOVEMBER2025,3850,main,https://raw.githubusercontent.com/uppermoon77/guygee/main/GG03NOVEMBER2025
guygee,GG04NOVEMBER2025,3850,main,https://raw.githubusercontent.com/uppermoon77/guygee/main/GG04NOVEMBER2025
guygee,GG05NOVEMBER2025,3850,main,https://raw.githubusercontent.com/uppermoon77/guygee/main/GG05NOVEMBER2025
guygee,GG06NOVEMBER2025,3850,main,https://raw.githubusercontent.com/uppermoon77/guygee/main/GG06NOVEMBER2025
guygee,GG07NOVEMBER2025,3850,main,https://raw.githubusercontent.com/uppermoon77/guygee/main/GG07NOVEMBER2025
guygee,GG08NOVEMBER2025,3850,main,https://raw.githubusercontent.com/uppermoon77/guygee/main/GG08NOVEMBER2025
guygee,GG09NOVEMBER2025,3850,main,https://raw.githubusercontent.com/uppermoon77/guygee/main/GG09NOVEMBER2025
guygee,GG10NOVEMBER2025,3850,main,https://raw.githubusercontent.com/uppermoon77/guygee/main/GG10NOVEMBER2025
guygee,GG11NOVEMBER2025,3850,main,https://raw.githubusercontent.com/uppermoon77/guygee/main/GG11NOVEMBER2025
guygee,GG12NOVEMBER2025,3850,main,https://raw.githubusercontent.com/uppermoon77/guygee/main/GG12NOVEMBER2025
guygee,GG13NOVEMBER2025,3850,main,https://raw.githubusercontent.com/uppermoon77/guygee/main/GG13NOVEMBER2025
guygee,GG14NOVEMBER2025,3850,main,https://raw.githubusercontent.com/uppermoon77/guygee/main/GG14NOVEMBER2025
guygee,GG15NOVEMBER2025,3850,main,https://raw.githubusercontent.com/uppermoon77/guygee/main/GG15NOVEMBER2025
guygee,GG16NOVEMBER2025,3850,main,https://raw.githubusercontent.com/uppermoon77/guygee/main/GG16NOVEMBER2025
guygee,GG17NOVEMBER2025,3850,main,https://raw.githubusercontent.com/uppermoon77/guygee/main/GG17NOVEMBER2025
guygee,GG18NOVEMBER2025,3850,main,https://raw.githubusercontent.com/uppermoon77/guygee/main/GG18NOVEMBER2025
guygee,GG19NOVEMBER2025,3850,main,https://raw.githubusercontent.com/uppermoon77/guygee/main/GG19NOVEMBER2025
guygee,GG20NOVEMBER2025,3850,main,https://raw.githubusercontent.com/uppermoon77/guygee/main/GG20NOVEMBER2025
guygee,GG21NOVEMBER2025,3850,main,https://raw.githubusercontent.com/uppermoon77/guygee/main/GG21NOVEMBER2025
guygee,GG22NOVEMBER2025,3850,main,https://raw.githubusercontent.com/uppermoon77/guygee/main/GG22NOVEMBER2025
guygee,GG23NOVEMBER2025,3850,main,https://raw.githubusercontent.com/uppermoon77/guygee/main/GG23NOVEMBER2025
guygee,GG24NOVEMBER2025,3850,main,https://raw.githubusercontent.com/uppermoon77/guygee/main/GG24NOVEMBER2025
guygee,GG25NOVEMBER2025,3850,main,https://raw.githubusercontent.com/uppermoon77/guygee/main/GG25NOVEMBER2025
guygee,GG26NOVEMBER2025,3850,main,https://raw.githubusercontent.com/uppermoon77/guygee/main/GG26NOVEMBER2025
guygee,GG27NOVEMBER2025,3850,main,https://raw.githubusercontent.com/uppermoon77/guygee/main/GG27NOVEMBER2025
guygee,GG28NOVEMBER2025,3850,main,https://raw.githubusercontent.com/uppermoon77/guygee/main/GG28NOVEMBER2025
guygee,GG29NOVEMBER2025,3850,main,https://raw.githubusercontent.com/uppermoon77/guygee/main/GG29NOVEMBER2025
guygee,GG30NOVEMBER2025,3850,main,https://raw.githubusercontent.com/uppermoon77/guygee/main/GG30NOVEMBER2025
guygee,update_github_file.py,14664,main,https://raw.githubusercontent.com/uppermoon77/guygee/main/update_github_file.py
dadangconelo,.github/workflows/main.yml,940,main,https://raw.githubusercontent.com/uppermoon77/dadangconelo/main/.github/workflows/main.yml
dadangconelo,DC01OKTOBER2025,3850,main,https://raw.githubusercontent.com/uppermoon77/dadangconelo/main/DC01OKTOBER2025
dadangconelo,DC02OKTOBER2025,3850,main,https://raw.githubusercontent.com/uppermoon77/dadangconelo/main/DC02OKTOBER2025
dadangconelo,DC03OKTOBER2025,3850,main,https://raw.githubusercontent.com/uppermoon77/dadangconelo/main/DC03OKTOBER2025
dadangconelo,DC04OKTOBER2025,3850,main,https://raw.githubusercontent.com/uppermoon77/dadangconelo/main/DC04OKTOBER2025
dadangconelo,DC05OKTOBER2025,3850,main,https://raw.githubusercontent.com/uppermoon77/dadangconelo/main/DC05OKTOBER2025
dadangconelo,DC06OKTOBER2025,3850,main,https://raw.githubusercontent.com/uppermoon77/dadangconelo/main/DC06OKTOBER2025
dadangconelo,DC07OKTOBER2025,3850,main,https://raw.githubusercontent.com/uppermoon77/dadangconelo/main/DC07OKTOBER2025
dadangconelo,DC08OKTOBER2025,3850,main,https://raw.githubusercontent.com/uppermoon77/dadangconelo/main/DC08OKTOBER2025
dadangconelo,DC09OKTOBER2025,3850,main,https://raw.githubusercontent.com/uppermoon77/dadangconelo/main/DC09OKTOBER2025
dadangconelo,DC10OKTOBER2025,3850,main,https://raw.githubusercontent.com/uppermoon77/dadangconelo/main/DC10OKTOBER2025
dadangconelo,DC11OKTOBER2025,3850,main,https://raw.githubusercontent.com/uppermoon77/dadangconelo/main/DC11OKTOBER2025
dadangconelo,DC12OKTOBER2025,3850,main,https://raw.githubusercontent.com/uppermoon77/dadangconelo/main/DC12OKTOBER2025
dadangconelo,DC13OKTOBER2025,3850,main,https://raw.githubusercontent.com/uppermoon77/dadangconelo/main/DC13OKTOBER2025
dadangconelo,DC14OKTOBER2025,3850,main,https://raw.githubusercontent.com/uppermoon77/dadangconelo/main/DC14OKTOBER2025
dadangconelo,DC15OKTOBER2025,3850,main,https://raw.githubusercontent.com/uppermoon77/dadangconelo/main/DC15OKTOBER2025
dadangconelo,DC16OKTOBER2025,3850,main,https://raw.githubusercontent.com/uppermoon77/dadangconelo/main/DC16OKTOBER2025
dadangconelo,DC17OKTOBER2025,3850,main,https://raw.githubusercontent.com/uppermoon77/dadangconelo/main/DC17OKTOBER2025
dadangconelo,DC18OKTOBER2025,3850,main,https://raw.githubusercontent.com/uppermoon77/dadangconelo/main/DC18OKTOBER2025
dadangconelo,DC19OKTOBER2025,3850,main,https://raw.githubusercontent.com/uppermoon77/dadangconelo/main/DC19OKTOBER2025
dadangconelo,DC20OKTOBER2025,3850,main,https://raw.githubusercontent.com/uppermoon77/dadangconelo/main/DC20OKTOBER2025
dadangconelo,DC21OKTOBER2025,3850,main,https://raw.githubusercontent.com/uppermoon77/dadangconelo/main/DC21OKTOBER2025
dadangconelo,DC22OKTOBER2025,3850,main,https://raw.githubusercontent.com/uppermoon77/dadangconelo/main/DC22OKTOBER2025
dadangconelo,DC23OKTOBER2025,3850,main,https://raw.githubusercontent.com/uppermoon77/dadangconelo/main/DC23OKTOBER2025
dadangconelo,DC24OKTOBER2025,3850,main,https://raw.githubusercontent.com/uppermoon77/dadangconelo/main/DC24OKTOBER2025
dadangconelo,DC25OKTOBER2025,3850,main,https://raw.githubusercontent.com/uppermoon77/dadangconelo/main/DC25OKTOBER2025
dadangconelo,DC26OKTOBER2025,3850,main,https://raw.githubusercontent.com/uppermoon77/dadangconelo/main/DC26OKTOBER2025
dadangconelo,DC27OKTOBER2025,3850,main,https://raw.githubusercontent.com/uppermoon77/dadangconelo/main/DC27OKTOBER2025
dadangconelo,DC28OKTOBER2025,3850,main,https://raw.githubusercontent.com/uppermoon77/dadangconelo/main/DC28OKTOBER2025
dadangconelo,DC29OKTOBER2025,3850,main,https://raw.githubusercontent.com/uppermoon77/dadangconelo/main/DC29OKTOBER2025
dadangconelo,DC30OKTOBER2025,3850,main,https://raw.githubusercontent.com/uppermoon77/dadangconelo/main/DC30OKTOBER2025
dadangconelo,DC31OKTOBER2025,3850,main,https://raw.githubusercontent.com/uppermoon77/dadangconelo/main/DC31OKTOBER2025
dadangconelo,dadangconelo,367705,main,https://raw.githubusercontent.com/uppermoon77/dadangconelo/main/dadangconelo
dadangconelo,update_github_file.py,14427,main,https://raw.githubusercontent.com/uppermoon77/dadangconelo/main/update_github_file.py
lazyloxy,.github/workflows/LX19OKTOBER2025.yml,943,main,https://raw.githubusercontent.com/uppermoon77/lazyloxy/main/.github/workflows/LX19OKTOBER2025.yml
lazyloxy,LX19OKTOBER2025,367820,main,https://raw.githubusercontent.com/uppermoon77/lazyloxy/main/LX19OKTOBER2025
lazyloxy,LX20OKTOBER2025,1,main,https://raw.githubusercontent.com/uppermoon77/lazyloxy/main/LX20OKTOBER2025
lazyloxy,LX21OKTOBER2025,367820,main,https://raw.githubusercontent.com/uppermoon77/lazyloxy/main/LX21OKTOBER2025
lazyloxy,LX22OKTOBER2025,1,main,https://raw.githubusercontent.com/uppermoon77/lazyloxy/main/LX22OKTOBER2025
lazyloxy,LX23OKTOBER2025,1,main,https://raw.githubusercontent.com/uppermoon77/lazyloxy/main/LX23OKTOBER2025
lazyloxy,LX24OKTOBER2025,1,main,https://raw.githubusercontent.com/uppermoon77/lazyloxy/main/LX24OKTOBER2025
lazyloxy,LX25OKTOBER2025,1,main,https://raw.githubusercontent.com/uppermoon77/lazyloxy/main/LX25OKTOBER2025
lazyloxy,LX26OKTOBER2025,1,main,https://raw.githubusercontent.com/uppermoon77/lazyloxy/main/LX26OKTOBER2025
lazyloxy,LX27OKTOBER2025,1,main,https://raw.githubusercontent.com/uppermoon77/lazyloxy/main/LX27OKTOBER2025
lazyloxy,LX28OKTOBER2025,1,main,https://raw.githubusercontent.com/uppermoon77/lazyloxy/main/LX28OKTOBER2025
lazyloxy,LX29OKTOBER2025,1,main,https://raw.githubusercontent.com/uppermoon77/lazyloxy/main/LX29OKTOBER2025
lazyloxy,LX30OKTOBER2025,367766,main,https://raw.githubusercontent.com/uppermoon77/lazyloxy/main/LX30OKTOBER2025
lazyloxy,lazylazyloxy,367763,main,https://raw.githubusercontent.com/uppermoon77/lazyloxy/main/lazylazyloxy
lazyloxy,update_github_file.py,7475,main,https://raw.githubusercontent.com/uppermoon77/lazyloxy/main/update_github_file.py
jarvis,.github/workflows/main.yml,934,main,https://raw.githubusercontent.com/uppermoon77/jarvis/main/.github/workflows/main.yml
jarvis,JS01NOVEMBER2026,332500,main,https://raw.githubusercontent.com/uppermoon77/jarvis/main/JS01NOVEMBER2026
jarvis,JS02NOVEMBER2026,332500,main,https://raw.githubusercontent.com/uppermoon77/jarvis/main/JS02NOVEMBER2026
jarvis,JS03NOVEMBER2026,332500,main,https://raw.githubusercontent.com/uppermoon77/jarvis/main/JS03NOVEMBER2026
jarvis,JS04NOVEMBER2026,332500,main,https://raw.githubusercontent.com/uppermoon77/jarvis/main/JS04NOVEMBER2026
jarvis,JS05NOVEMBER2026,332500,main,https://raw.githubusercontent.com/uppermoon77/jarvis/main/JS05NOVEMBER2026
jarvis,JS06NOVEMBER2026,332500,main,https://raw.githubusercontent.com/uppermoon77/jarvis/main/JS06NOVEMBER2026
jarvis,JS07NOVEMBER2026,332500,main,https://raw.githubusercontent.com/uppermoon77/jarvis/main/JS07NOVEMBER2026
jarvis,JS08NOVEMBER2026,332500,main,https://raw.githubusercontent.com/uppermoon77/jarvis/main/JS08NOVEMBER2026
jarvis,JS09NOVEMBER2026,332500,main,https://raw.githubusercontent.com/uppermoon77/jarvis/main/JS09NOVEMBER2026
jarvis,JS10NOVEMBER2026,332500,main,https://raw.githubusercontent.com/uppermoon77/jarvis/main/JS10NOVEMBER2026
jarvis,JS11NOVEMBER2026,332500,main,https://raw.githubusercontent.com/uppermoon77/jarvis/main/JS11NOVEMBER2026
jarvis,JS12NOVEMBER2026,332500,main,https://raw.githubusercontent.com/uppermoon77/jarvis/main/JS12NOVEMBER2026
jarvis,JS13NOVEMBER2026,332500,main,https://raw.githubusercontent.com/uppermoon77/jarvis/main/JS13NOVEMBER2026
jarvis,JS14NOVEMBER2026,332500,main,https://raw.githubusercontent.com/uppermoon77/jarvis/main/JS14NOVEMBER2026
jarvis,JS15NOVEMBER2026,332500,main,https://raw.githubusercontent.com/uppermoon77/jarvis/main/JS15NOVEMBER2026
jarvis,JS16NOVEMBER2026,332500,main,https://raw.githubusercontent.com/uppermoon77/jarvis/main/JS16NOVEMBER2026
jarvis,JS17NOVEMBER2026,332500,main,https://raw.githubusercontent.com/uppermoon77/jarvis/main/JS17NOVEMBER2026
jarvis,JS18NOVEMBER2026,332500,main,https://raw.githubusercontent.com/uppermoon77/jarvis/main/JS18NOVEMBER2026
jarvis,JS19NOVEMBER2026,332500,main,https://raw.githubusercontent.com/uppermoon77/jarvis/main/JS19NOVEMBER2026
jarvis,JS20NOVEMBER2026,332500,main,https://raw.githubusercontent.com/uppermoon77/jarvis/main/JS20NOVEMBER2026
jarvis,JS21NOVEMBER2026,332500,main,https://raw.githubusercontent.com/uppermoon77/jarvis/main/JS21NOVEMBER2026
jarvis,JS22NOVEMBER2026,332500,main,https://raw.githubusercontent.com/uppermoon77/jarvis/main/JS22NOVEMBER2026
jarvis,JS23NOVEMBER2026,332500,main,https://raw.githubusercontent.com/uppermoon77/jarvis/main/JS23NOVEMBER2026
jarvis,JS24NOVEMBER2026,332500,main,https://raw.githubusercontent.com/uppermoon77/jarvis/main/JS24NOVEMBER2026
jarvis,JS25NOVEMBER2026,332500,main,https://raw.githubusercontent.com/uppermoon77/jarvis/main/JS25NOVEMBER2026
jarvis,JS26NOVEMBER2026,332500,main,https://raw.githubusercontent.com/uppermoon77/jarvis/main/JS26NOVEMBER2026
jarvis,JS27NOVEMBER2026,332500,main,https://raw.githubusercontent.com/uppermoon77/jarvis/main/JS27NOVEMBER2026
jarvis,JS28NOVEMBER2026,332500,main,https://raw.githubusercontent.com/uppermoon77/jarvis/main/JS28NOVEMBER2026
jarvis,JS29NOVEMBER2026,332500,main,https://raw.githubusercontent.com/uppermoon77/jarvis/main/JS29NOVEMBER2026
jarvis,JS30NOVEMBER2026,332500,main,https://raw.githubusercontent.com/uppermoon77/jarvis/main/JS30NOVEMBER2026
jarvis,update_github_file.py,14664,main,https://raw.githubusercontent.com/uppermoon77/jarvis/main/update_github_file.py
fhero,.github/workflows/main.yml,933,main,https://raw.githubusercontent.com/uppermoon77/fhero/main/.github/workflows/main.yml
fhero,FH01MARET2026,332497,main,https://raw.githubusercontent.com/uppermoon77/fhero/main/FH01MARET2026
fhero,FH02MARET2026,332497,main,https://raw.githubusercontent.com/uppermoon77/fhero/main/FH02MARET2026
fhero,FH03MARET2026,332497,main,https://raw.githubusercontent.com/uppermoon77/fhero/main/FH03MARET2026
fhero,FH04MARET2026,332497,main,https://raw.githubusercontent.com/uppermoon77/fhero/main/FH04MARET2026
fhero,FH05MARET2026,332497,main,https://raw.githubusercontent.com/uppermoon77/fhero/main/FH05MARET2026
fhero,FH06MARET2026,332497,main,https://raw.githubusercontent.com/uppermoon77/fhero/main/FH06MARET2026
fhero,FH07MARET2026,332497,main,https://raw.githubusercontent.com/uppermoon77/fhero/main/FH07MARET2026
fhero,FH08MARET2026,332497,main,https://raw.githubusercontent.com/uppermoon77/fhero/main/FH08MARET2026
fhero,FH09MARET2026,332497,main,https://raw.githubusercontent.com/uppermoon77/fhero/main/FH09MARET2026
fhero,FH10MARET2026,332497,main,https://raw.githubusercontent.com/uppermoon77/fhero/main/FH10MARET2026
fhero,FH11MARET2026,332497,main,https://raw.githubusercontent.com/uppermoon77/fhero/main/FH11MARET2026
fhero,FH12MARET2026,332497,main,https://raw.githubusercontent.com/uppermoon77/fhero/main/FH12MARET2026
fhero,FH13MARET2026,332497,main,https://raw.githubusercontent.com/uppermoon77/fhero/main/FH13MARET2026
fhero,FH14MARET2026,332497,main,https://raw.githubusercontent.com/uppermoon77/fhero/main/FH14MARET2026
fhero,FH15MARET2026,332497,main,https://raw.githubusercontent.com/uppermoon77/fhero/main/FH15MARET2026
fhero,FH16MARET2026,332497,main,https://raw.githubusercontent.com/uppermoon77/fhero/main/FH16MARET2026
fhero,FH17MARET2026,332497,main,https://raw.githubusercontent.com/uppermoon77/fhero/main/FH17MARET2026
fhero,FH18MARET2026,332497,main,https://raw.githubusercontent.com/uppermoon77/fhero/main/FH18MARET2026
fhero,FH19MARET2026,332497,main,https://raw.githubusercontent.com/uppermoon77/fhero/main/FH19MARET2026
fhero,FH20MARET2026,332497,main,https://raw.githubusercontent.com/uppermoon77/fhero/main/FH20MARET2026
fhero,FH21MARET2026,332497,main,https://raw.githubusercontent.com/uppermoon77/fhero/main/FH21MARET2026
fhero,FH22MARET2026,332497,main,https://raw.githubusercontent.com/uppermoon77/fhero/main/FH22MARET2026
fhero,FH23MARET2026,332497,main,https://raw.githubusercontent.com/uppermoon77/fhero/main/FH23MARET2026
fhero,FH24MARET2026,332497,main,https://raw.githubusercontent.com/uppermoon77/fhero/main/FH24MARET2026
fhero,FH25MARET2026,332497,main,https://raw.githubusercontent.com/uppermoon77/fhero/main/FH25MARET2026
fhero,FH26MARET2026,332497,main,https://raw.githubusercontent.com/uppermoon77/fhero/main/FH26MARET2026
fhero,FH27MARET2026,332497,main,https://raw.githubusercontent.com/uppermoon77/fhero/main/FH27MARET2026
fhero,FH28MARET2026,332497,main,https://raw.githubusercontent.com/uppermoon77/fhero/main/FH28MARET2026
fhero,FH29MARET2026,332497,main,https://raw.githubusercontent.com/uppermoon77/fhero/main/FH29MARET2026
fhero,FH30MARET2026,332497,main,https://raw.githubusercontent.com/uppermoon77/fhero/main/FH30MARET2026
fhero,FH31MARET2026,332497,main,https://raw.githubusercontent.com/uppermoon77/fhero/main/FH31MARET2026
fhero,update_github_file.py,14455,main,https://raw.githubusercontent.com/uppermoon77/fhero/main/update_github_file.py
oganic,.github/workflows/main.yml,934,main,https://raw.githubusercontent.com/uppermoon77/oganic/main/.github/workflows/main.yml
oganic,OA01FEBRUARI2026,332500,main,https://raw.githubusercontent.com/uppermoon77/oganic/main/OA01FEBRUARI2026
oganic,OA02FEBRUARI2026,332500,main,https://raw.githubusercontent.com/uppermoon77/oganic/main/OA02FEBRUARI2026
oganic,OA03FEBRUARI2026,332500,main,https://raw.githubusercontent.com/uppermoon77/oganic/main/OA03FEBRUARI2026
oganic,OA04FEBRUARI2026,332500,main,https://raw.githubusercontent.com/uppermoon77/oganic/main/OA04FEBRUARI2026
oganic,OA05FEBRUARI2026,332500,main,https://raw.githubusercontent.com/uppermoon77/oganic/main/OA05FEBRUARI2026
oganic,OA06FEBRUARI2026,332500,main,https://raw.githubusercontent.com/uppermoon77/oganic/main/OA06FEBRUARI2026
oganic,OA07FEBRUARI2026,332500,main,https://raw.githubusercontent.com/uppermoon77/oganic/main/OA07FEBRUARI2026
oganic,OA08FEBRUARI2026,332500,main,https://raw.githubusercontent.com/uppermoon77/oganic/main/OA08FEBRUARI2026
oganic,OA09FEBRUARI2026,332500,main,https://raw.githubusercontent.com/uppermoon77/oganic/main/OA09FEBRUARI2026
oganic,OA10FEBRUARI2026,332500,main,https://raw.githubusercontent.com/uppermoon77/oganic/main/OA10FEBRUARI2026
oganic,OA11FEBRUARI2026,332500,main,https://raw.githubusercontent.com/uppermoon77/oganic/main/OA11FEBRUARI2026
oganic,OA12FEBRUARI2026,332500,main,https://raw.githubusercontent.com/uppermoon77/oganic/main/OA12FEBRUARI2026
oganic,OA13FEBRUARI2026,332500,main,https://raw.githubusercontent.com/uppermoon77/oganic/main/OA13FEBRUARI2026
oganic,OA14FEBRUARI2026,332500,main,https://raw.githubusercontent.com/uppermoon77/oganic/main/OA14FEBRUARI2026
oganic,OA15FEBRUARI2026,332500,main,https://raw.githubusercontent.com/uppermoon77/oganic/main/OA15FEBRUARI2026
oganic,OA16FEBRUARI2026,332500,main,https://raw.githubusercontent.com/uppermoon77/oganic/main/OA16FEBRUARI2026
oganic,OA17FEBRUARI2026,332500,main,https://raw.githubusercontent.com/uppermoon77/oganic/main/OA17FEBRUARI2026
oganic,OA18FEBRUARI2026,332500,main,https://raw.githubusercontent.com/uppermoon77/oganic/main/OA18FEBRUARI2026
oganic,OA19FEBRUARI2026,332500,main,https://raw.githubusercontent.com/uppermoon77/oganic/main/OA19FEBRUARI2026
oganic,OA20FEBRUARI2026,332500,main,https://raw.githubusercontent.com/uppermoon77/oganic/main/OA20FEBRUARI2026
oganic,OA21FEBRUARI2026,332500,main,https://raw.githubusercontent.com/uppermoon77/oganic/main/OA21FEBRUARI2026
oganic,OA22FEBRUARI2026,332500,main,https://raw.githubusercontent.com/uppermoon77/oganic/main/OA22FEBRUARI2026
oganic,OA23FEBRUARI2026,332500,main,https://raw.githubusercontent.com/uppermoon77/oganic/main/OA23FEBRUARI2026
oganic,OA24FEBRUARI2026,332500,main,https://raw.githubusercontent.com/uppermoon77/oganic/main/OA24FEBRUARI2026
oganic,OA25FEBRUARI2026,332500,main,https://raw.githubusercontent.com/uppermoon77/oganic/main/OA25FEBRUARI2026
oganic,OA26FEBRUARI2026,332500,main,https://raw.githubusercontent.com/uppermoon77/oganic/main/OA26FEBRUARI2026
oganic,OA27FEBRUARI2026,332500,main,https://raw.githubusercontent.com/uppermoon77/oganic/main/OA27FEBRUARI2026
oganic,OA28FEBRUARI2026,332500,main,https://raw.githubusercontent.com/uppermoon77/oganic/main/OA28FEBRUARI2026
oganic,export_raw_to_sheets.py,6930,main,https://raw.githubusercontent.com/uppermoon77/oganic/main/export_raw_to_sheets.py
oganic,update_github_file.py,14664,main,https://raw.githubusercontent.com/uppermoon77/oganic/main/update_github_file.py
sintho,.github/workflows/main.yml,934,main,https://raw.githubusercontent.com/uppermoon77/sintho/main/.github/workflows/main.yml
sintho,ST01APRIL2026,332497,main,https://raw.githubusercontent.com/uppermoon77/sintho/main/ST01APRIL2026
sintho,ST02APRIL2026,332497,main,https://raw.githubusercontent.com/uppermoon77/sintho/main/ST02APRIL2026
sintho,ST03APRIL2026,332497,main,https://raw.githubusercontent.com/uppermoon77/sintho/main/ST03APRIL2026
sintho,ST04APRIL2026,332497,main,https://raw.githubusercontent.com/uppermoon77/sintho/main/ST04APRIL2026
sintho,ST05APRIL2026,332497,main,https://raw.githubusercontent.com/uppermoon77/sintho/main/ST05APRIL2026
sintho,ST06APRIL2026,332497,main,https://raw.githubusercontent.com/uppermoon77/sintho/main/ST06APRIL2026
sintho,ST07APRIL2026,332497,main,https://raw.githubusercontent.com/uppermoon77/sintho/main/ST07APRIL2026
sintho,ST08APRIL2026,332497,main,https://raw.githubusercontent.com/uppermoon77/sintho/main/ST08APRIL2026
sintho,ST09APRIL2026,332497,main,https://raw.githubusercontent.com/uppermoon77/sintho/main/ST09APRIL2026
sintho,ST10APRIL2026,332497,main,https://raw.githubusercontent.com/uppermoon77/sintho/main/ST10APRIL2026
sintho,ST11APRIL2026,332497,main,https://raw.githubusercontent.com/uppermoon77/sintho/main/ST11APRIL2026
sintho,ST12APRIL2026,332497,main,https://raw.githubusercontent.com/uppermoon77/sintho/main/ST12APRIL2026
sintho,ST13APRIL2026,332497,main,https://raw.githubusercontent.com/uppermoon77/sintho/main/ST13APRIL2026
sintho,ST14APRIL2026,332497,main,https://raw.githubusercontent.com/uppermoon77/sintho/main/ST14APRIL2026
sintho,ST15APRIL2026,332497,main,https://raw.githubusercontent.com/uppermoon77/sintho/main/ST15APRIL2026
sintho,ST16APRIL2026,332497,main,https://raw.githubusercontent.com/uppermoon77/sintho/main/ST16APRIL2026
sintho,ST17APRIL2026,332497,main,https://raw.githubusercontent.com/uppermoon77/sintho/main/ST17APRIL2026
sintho,ST18APRIL2026,332497,main,https://raw.githubusercontent.com/uppermoon77/sintho/main/ST18APRIL2026
sintho,ST19APRIL2026,332497,main,https://raw.githubusercontent.com/uppermoon77/sintho/main/ST19APRIL2026
sintho,ST20APRIL2026,332497,main,https://raw.githubusercontent.com/uppermoon77/sintho/main/ST20APRIL2026
sintho,ST21APRIL2026,332497,main,https://raw.githubusercontent.com/uppermoon77/sintho/main/ST21APRIL2026
sintho,ST22APRIL2026,332497,main,https://raw.githubusercontent.com/uppermoon77/sintho/main/ST22APRIL2026
sintho,ST23APRIL2026,332497,main,https://raw.githubusercontent.com/uppermoon77/sintho/main/ST23APRIL2026
sintho,ST24APRIL2026,332497,main,https://raw.githubusercontent.com/uppermoon77/sintho/main/ST24APRIL2026
sintho,ST25APRIL2026,332497,main,https://raw.githubusercontent.com/uppermoon77/sintho/main/ST25APRIL2026
sintho,ST26APRIL2026,332497,main,https://raw.githubusercontent.com/uppermoon77/sintho/main/ST26APRIL2026
sintho,ST27APRIL2026,332497,main,https://raw.githubusercontent.com/uppermoon77/sintho/main/ST27APRIL2026
sintho,ST28APRIL2026,332497,main,https://raw.githubusercontent.com/uppermoon77/sintho/main/ST28APRIL2026
sintho,ST29APRIL2026,332497,main,https://raw.githubusercontent.com/uppermoon77/sintho/main/ST29APRIL2026
sintho,ST30APRIL2026,332497,main,https://raw.githubusercontent.com/uppermoon77/sintho/main/ST30APRIL2026
sintho,update_github_file.py,14658,main,https://raw.githubusercontent.com/uppermoon77/sintho/main/update_github_file.py
raw-url-generator,.github/workflows/raw-urls.yml,2172,main,https://raw.githubusercontent.com/uppermoon77/raw-url-generator/main/.github/workflows/raw-urls.yml
raw-url-generator,data/uppermoon77_all_raw.csv,63569,main,https://raw.githubusercontent.com/uppermoon77/raw-url-generator/main/data/uppermoon77_all_raw.csv
raw-url-generator,data/uppermoon77_all_raw.xlsx,20152,main,https://raw.githubusercontent.com/uppermoon77/raw-url-generator/main/data/uppermoon77_all_raw.xlsx
raw-url-generator,generate_all_repos_raw_urls.py,6537,main,https://raw.githubusercontent.com/uppermoon77/raw-url-generator/main/generate_all_repos_raw_urls.py
marieann,.github/workflows/main.yml,936,main,https://raw.githubusercontent.com/uppermoon77/marieann/main/.github/workflows/main.yml
marieann,MN01DESEMBER2025,3850,main,https://raw.githubusercontent.com/uppermoon77/marieann/main/MN01DESEMBER2025
marieann,MN02DESEMBER2025,3850,main,https://raw.githubusercontent.com/uppermoon77/marieann/main/MN02DESEMBER2025
marieann,MN03DESEMBER2025,3850,main,https://raw.githubusercontent.com/uppermoon77/marieann/main/MN03DESEMBER2025
marieann,MN04DESEMBER2025,3850,main,https://raw.githubusercontent.com/uppermoon77/marieann/main/MN04DESEMBER2025
marieann,MN05DESEMBER2025,3850,main,https://raw.githubusercontent.com/uppermoon77/marieann/main/MN05DESEMBER2025
marieann,MN06DESEMBER2025,3850,main,https://raw.githubusercontent.com/uppermoon77/marieann/main/MN06DESEMBER2025
marieann,MN07DESEMBER2025,3850,main,https://raw.githubusercontent.com/uppermoon77/marieann/main/MN07DESEMBER2025
marieann,MN08DESEMBER2025,3850,main,https://raw.githubusercontent.com/uppermoon77/marieann/main/MN08DESEMBER2025
marieann,MN09DESEMBER2025,3850,main,https://raw.githubusercontent.com/uppermoon77/marieann/main/MN09DESEMBER2025
marieann,MN10DESEMBER2025,3850,main,https://raw.githubusercontent.com/uppermoon77/marieann/main/MN10DESEMBER2025
marieann,MN11DESEMBER2025,3850,main,https://raw.githubusercontent.com/uppermoon77/marieann/main/MN11DESEMBER2025
marieann,MN12DESEMBER2025,3850,main,https://raw.githubusercontent.com/uppermoon77/marieann/main/MN12DESEMBER2025
marieann,MN13DESEMBER2025,3850,main,https://raw.githubusercontent.com/uppermoon77/marieann/main/MN13DESEMBER2025
marieann,MN14DESEMBER2025,3850,main,https://raw.githubusercontent.com/uppermoon77/marieann/main/MN14DESEMBER2025
marieann,MN15DESEMBER2025,332500,main,https://raw.githubusercontent.com/uppermoon77/marieann/main/MN15DESEMBER2025
marieann,MN16DESEMBER2025,332500,main,https://raw.githubusercontent.com/uppermoon77/marieann/main/MN16DESEMBER2025
marieann,MN17DESEMBER2025,332500,main,https://raw.githubusercontent.com/uppermoon77/marieann/main/MN17DESEMBER2025
marieann,MN18DESEMBER2025,332500,main,https://raw.githubusercontent.com/uppermoon77/marieann/main/MN18DESEMBER2025
marieann,MN19DESEMBER2025,332500,main,https://raw.githubusercontent.com/uppermoon77/marieann/main/MN19DESEMBER2025
marieann,MN20DESEMBER2025,332500,main,https://raw.githubusercontent.com/uppermoon77/marieann/main/MN20DESEMBER2025
marieann,MN21DESEMBER2025,332500,main,https://raw.githubusercontent.com/uppermoon77/marieann/main/MN21DESEMBER2025
marieann,MN22DESEMBER2025,332500,main,https://raw.githubusercontent.com/uppermoon77/marieann/main/MN22DESEMBER2025
marieann,MN23DESEMBER2025,332500,main,https://raw.githubusercontent.com/uppermoon77/marieann/main/MN23DESEMBER2025
marieann,MN24DESEMBER2025,332500,main,https://raw.githubusercontent.com/uppermoon77/marieann/main/MN24DESEMBER2025
marieann,MN25DESEMBER2025,332500,main,https://raw.githubusercontent.com/uppermoon77/marieann/main/MN25DESEMBER2025
marieann,MN26DESEMBER2025,332500,main,https://raw.githubusercontent.com/uppermoon77/marieann/main/MN26DESEMBER2025
marieann,MN27DESEMBER2025,332500,main,https://raw.githubusercontent.com/uppermoon77/marieann/main/MN27DESEMBER2025
marieann,MN28DESEMBER2025,332500,main,https://raw.githubusercontent.com/uppermoon77/marieann/main/MN28DESEMBER2025
marieann,MN29DESEMBER2025,332500,main,https://raw.githubusercontent.com/uppermoon77/marieann/main/MN29DESEMBER2025
marieann,MN30DESEMBER2025,332500,main,https://raw.githubusercontent.com/uppermoon77/marieann/main/MN30DESEMBER2025
marieann,MN31DESEMBER2025,332500,main,https://raw.githubusercontent.com/uppermoon77/marieann/main/MN31DESEMBER2025
marieann,update_github_file.py,14666,main,https://raw.githubusercontent.com/uppermoon77/marieann/main/update_github_file.py
uppercut,.github/workflows/main.yml,936,main,https://raw.githubusercontent.com/uppermoon77/uppercut/main/.github/workflows/main.yml
uppercut,UC01OKTOBER2025,3850,main,https://raw.githubusercontent.com/uppermoon77/uppercut/main/UC01OKTOBER2025
uppercut,UC02OKTOBER2025,3850,main,https://raw.githubusercontent.com/uppermoon77/uppercut/main/UC02OKTOBER2025
uppercut,UC03OKTOBER2025,3850,main,https://raw.githubusercontent.com/uppermoon77/uppercut/main/UC03OKTOBER2025
uppercut,UC04OKTOBER2025,3850,main,https://raw.githubusercontent.com/uppermoon77/uppercut/main/UC04OKTOBER2025
uppercut,UC05OKTOBER2025,3850,main,https://raw.githubusercontent.com/uppermoon77/uppercut/main/UC05OKTOBER2025
uppercut,UC06OKTOBER2025,3850,main,https://raw.githubusercontent.com/uppermoon77/uppercut/main/UC06OKTOBER2025
uppercut,UC07OKTOBER2025,3850,main,https://raw.githubusercontent.com/uppermoon77/uppercut/main/UC07OKTOBER2025
uppercut,UC08OKTOBER2025,3850,main,https://raw.githubusercontent.com/uppermoon77/uppercut/main/UC08OKTOBER2025
uppercut,UC09OKTOBER2025,3850,main,https://raw.githubusercontent.com/uppermoon77/uppercut/main/UC09OKTOBER2025
uppercut,UC10OKTOBER2025,3850,main,https://raw.githubusercontent.com/uppermoon77/uppercut/main/UC10OKTOBER2025
uppercut,UC11OKTOBER2025,3850,main,https://raw.githubusercontent.com/uppermoon77/uppercut/main/UC11OKTOBER2025
uppercut,UC12OKTOBER2025,3850,main,https://raw.githubusercontent.com/uppermoon77/uppercut/main/UC12OKTOBER2025
uppercut,UC13OKTOBER2025,3850,main,https://raw.githubusercontent.com/uppermoon77/uppercut/main/UC13OKTOBER2025
uppercut,UC14OKTOBER2025,3850,main,https://raw.githubusercontent.com/uppermoon77/uppercut/main/UC14OKTOBER2025
uppercut,UC15OKTOBER2025,3850,main,https://raw.githubusercontent.com/uppermoon77/uppercut/main/UC15OKTOBER2025
uppercut,UC16OKTOBER2025,3850,main,https://raw.githubusercontent.com/uppermoon77/uppercut/main/UC16OKTOBER2025
uppercut,UC17OKTOBER2025,3850,main,https://raw.githubusercontent.com/uppermoon77/uppercut/main/UC17OKTOBER2025
uppercut,UC18OKTOBER2025,3850,main,https://raw.githubusercontent.com/uppermoon77/uppercut/main/UC18OKTOBER2025
uppercut,UC19OKTOBER2025,3850,main,https://raw.githubusercontent.com/uppermoon77/uppercut/main/UC19OKTOBER2025
uppercut,UC20OKTOBER2025,3850,main,https://raw.githubusercontent.com/uppermoon77/uppercut/main/UC20OKTOBER2025
uppercut,UC21OKTOBER2025,3850,main,https://raw.githubusercontent.com/uppermoon77/uppercut/main/UC21OKTOBER2025
uppercut,UC22OKTOBER2025,3850,main,https://raw.githubusercontent.com/uppermoon77/uppercut/main/UC22OKTOBER2025
uppercut,UC23OKTOBER2025,3850,main,https://raw.githubusercontent.com/uppermoon77/uppercut/main/UC23OKTOBER2025
uppercut,UC24OKTOBER2025,3850,main,https://raw.githubusercontent.com/uppermoon77/uppercut/main/UC24OKTOBER2025
uppercut,UC25OKTOBER2025,3850,main,https://raw.githubusercontent.com/uppermoon77/uppercut/main/UC25OKTOBER2025
uppercut,UC26OKTOBER2025,3850,main,https://raw.githubusercontent.com/uppermoon77/uppercut/main/UC26OKTOBER2025
uppercut,UC27OKTOBER2025,3850,main,https://raw.githubusercontent.com/uppermoon77/uppercut/main/UC27OKTOBER2025
uppercut,UC28OKTOBER2025,3850,main,https://raw.githubusercontent.com/uppermoon77/uppercut/main/UC28OKTOBER2025
uppercut,UC29OKTOBER2025,3850,main,https://raw.githubusercontent.com/uppermoon77/uppercut/main/UC29OKTOBER2025
uppercut,UC30OKTOBER2025,3850,main,https://raw.githubusercontent.com/uppermoon77/uppercut/main/UC30OKTOBER2025
uppercut,UC31OKTOBER2025,3850,main,https://raw.githubusercontent.com/uppermoon77/uppercut/main/UC31OKTOBER2025
uppercut,update_github_file.py,14664,main,https://raw.githubusercontent.com/uppermoon77/uppercut/main/update_github_file.py
suppacha,.github/workflows/main.yml,936,main,https://raw.githubusercontent.com/uppermoon77/suppacha/main/.github/workflows/main.yml
suppacha,SH01SEPTEMBER2026,332501,main,https://raw.githubusercontent.com/uppermoon77/suppacha/main/SH01SEPTEMBER2026
suppacha,SH02SEPTEMBER2026,332501,main,https://raw.githubusercontent.com/uppermoon77/suppacha/main/SH02SEPTEMBER2026
suppacha,SH03SEPTEMBER2026,332501,main,https://raw.githubusercontent.com/uppermoon77/suppacha/main/SH03SEPTEMBER2026
suppacha,SH04SEPTEMBER2026,332501,main,https://raw.githubusercontent.com/uppermoon77/suppacha/main/SH04SEPTEMBER2026
suppacha,SH05SEPTEMBER2026,332501,main,https://raw.githubusercontent.com/uppermoon77/suppacha/main/SH05SEPTEMBER2026
suppacha,SH06SEPTEMBER2026,332501,main,https://raw.githubusercontent.com/uppermoon77/suppacha/main/SH06SEPTEMBER2026
suppacha,SH07SEPTEMBER2026,332501,main,https://raw.githubusercontent.com/uppermoon77/suppacha/main/SH07SEPTEMBER2026
suppacha,SH08SEPTEMBER2026,332501,main,https://raw.githubusercontent.com/uppermoon77/suppacha/main/SH08SEPTEMBER2026
suppacha,SH09SEPTEMBER2026,332501,main,https://raw.githubusercontent.com/uppermoon77/suppacha/main/SH09SEPTEMBER2026
suppacha,SH10SEPTEMBER2026,332501,main,https://raw.githubusercontent.com/uppermoon77/suppacha/main/SH10SEPTEMBER2026
suppacha,SH11SEPTEMBER2026,332501,main,https://raw.githubusercontent.com/uppermoon77/suppacha/main/SH11SEPTEMBER2026
suppacha,SH12SEPTEMBER2026,332501,main,https://raw.githubusercontent.com/uppermoon77/suppacha/main/SH12SEPTEMBER2026
suppacha,SH13SEPTEMBER2026,332501,main,https://raw.githubusercontent.com/uppermoon77/suppacha/main/SH13SEPTEMBER2026
suppacha,SH14SEPTEMBER2026,332501,main,https://raw.githubusercontent.com/uppermoon77/suppacha/main/SH14SEPTEMBER2026
suppacha,SH15SEPTEMBER2026,332501,main,https://raw.githubusercontent.com/uppermoon77/suppacha/main/SH15SEPTEMBER2026
suppacha,SH16SEPTEMBER2026,332501,main,https://raw.githubusercontent.com/uppermoon77/suppacha/main/SH16SEPTEMBER2026
suppacha,SH17SEPTEMBER2026,332501,main,https://raw.githubusercontent.com/uppermoon77/suppacha/main/SH17SEPTEMBER2026
suppacha,SH18SEPTEMBER2026,332501,main,https://raw.githubusercontent.com/uppermoon77/suppacha/main/SH18SEPTEMBER2026
suppacha,SH19SEPTEMBER2026,332501,main,https://raw.githubusercontent.com/uppermoon77/suppacha/main/SH19SEPTEMBER2026
suppacha,SH20SEPTEMBER2026,332501,main,https://raw.githubusercontent.com/uppermoon77/suppacha/main/SH20SEPTEMBER2026
suppacha,SH21SEPTEMBER2026,332501,main,https://raw.githubusercontent.com/uppermoon77/suppacha/main/SH21SEPTEMBER2026
suppacha,SH22SEPTEMBER2026,332501,main,https://raw.githubusercontent.com/uppermoon77/suppacha/main/SH22SEPTEMBER2026
suppacha,SH23SEPTEMBER2026,332501,main,https://raw.githubusercontent.com/uppermoon77/suppacha/main/SH23SEPTEMBER2026
suppacha,SH24SEPTEMBER2026,332501,main,https://raw.githubusercontent.com/uppermoon77/suppacha/main/SH24SEPTEMBER2026
suppacha,SH25SEPTEMBER2026,332501,main,https://raw.githubusercontent.com/uppermoon77/suppacha/main/SH25SEPTEMBER2026
suppacha,SH26SEPTEMBER2026,332501,main,https://raw.githubusercontent.com/uppermoon77/suppacha/main/SH26SEPTEMBER2026
suppacha,SH27SEPTEMBER2026,332501,main,https://raw.githubusercontent.com/uppermoon77/suppacha/main/SH27SEPTEMBER2026
suppacha,SH28SEPTEMBER2026,332501,main,https://raw.githubusercontent.com/uppermoon77/suppacha/main/SH28SEPTEMBER2026
suppacha,SH29SEPTEMBER2026,332501,main,https://raw.githubusercontent.com/uppermoon77/suppacha/main/SH29SEPTEMBER2026
suppacha,SH30SEPTEMBER2026,332501,main,https://raw.githubusercontent.com/uppermoon77/suppacha/main/SH30SEPTEMBER2026
suppacha,update_github_file.py,14668,main,https://raw.githubusercontent.com/uppermoon77/suppacha/main/update_github_file.py
wasan,.github/workflows/main.yml,932,main,https://raw.githubusercontent.com/uppermoon77/wasan/main/.github/workflows/main.yml
wasan,WN01OKTOBER2026,332499,main,https://raw.githubusercontent.com/uppermoon77/wasan/main/WN01OKTOBER2026
wasan,WN02OKTOBER2026,332499,main,https://raw.githubusercontent.com/uppermoon77/wasan/main/WN02OKTOBER2026
wasan,WN03OKTOBER2026,332499,main,https://raw.githubusercontent.com/uppermoon77/wasan/main/WN03OKTOBER2026
wasan,WN04OKTOBER2026,332499,main,https://raw.githubusercontent.com/uppermoon77/wasan/main/WN04OKTOBER2026
wasan,WN05OKTOBER2026,332499,main,https://raw.githubusercontent.com/uppermoon77/wasan/main/WN05OKTOBER2026
wasan,WN06OKTOBER2026,332499,main,https://raw.githubusercontent.com/uppermoon77/wasan/main/WN06OKTOBER2026
wasan,WN07OKTOBER2026,332499,main,https://raw.githubusercontent.com/uppermoon77/wasan/main/WN07OKTOBER2026
wasan,WN08OKTOBER2026,332499,main,https://raw.githubusercontent.com/uppermoon77/wasan/main/WN08OKTOBER2026
wasan,WN09OKTOBER2026,332499,main,https://raw.githubusercontent.com/uppermoon77/wasan/main/WN09OKTOBER2026
wasan,WN10OKTOBER2026,332499,main,https://raw.githubusercontent.com/uppermoon77/wasan/main/WN10OKTOBER2026
wasan,WN11OKTOBER2026,332499,main,https://raw.githubusercontent.com/uppermoon77/wasan/main/WN11OKTOBER2026
wasan,WN12OKTOBER2026,332499,main,https://raw.githubusercontent.com/uppermoon77/wasan/main/WN12OKTOBER2026
wasan,WN13OKTOBER2026,332499,main,https://raw.githubusercontent.com/uppermoon77/wasan/main/WN13OKTOBER2026
wasan,WN14OKTOBER2026,332499,main,https://raw.githubusercontent.com/uppermoon77/wasan/main/WN14OKTOBER2026
wasan,WN15OKTOBER2026,332499,main,https://raw.githubusercontent.com/uppermoon77/wasan/main/WN15OKTOBER2026
wasan,WN16OKTOBER2026,332499,main,https://raw.githubusercontent.com/uppermoon77/wasan/main/WN16OKTOBER2026
wasan,WN17OKTOBER2026,332499,main,https://raw.githubusercontent.com/uppermoon77/wasan/main/WN17OKTOBER2026
wasan,WN18OKTOBER2026,332499,main,https://raw.githubusercontent.com/uppermoon77/wasan/main/WN18OKTOBER2026
wasan,WN19OKTOBER2026,332499,main,https://raw.githubusercontent.com/uppermoon77/wasan/main/WN19OKTOBER2026
wasan,WN20OKTOBER2026,332499,main,https://raw.githubusercontent.com/uppermoon77/wasan/main/WN20OKTOBER2026
wasan,WN21OKTOBER2026,332499,main,https://raw.githubusercontent.com/uppermoon77/wasan/main/WN21OKTOBER2026
wasan,WN22OKTOBER2026,332499,main,https://raw.githubusercontent.com/uppermoon77/wasan/main/WN22OKTOBER2026
wasan,WN23OKTOBER2026,332499,main,https://raw.githubusercontent.com/uppermoon77/wasan/main/WN23OKTOBER2026
wasan,WN24OKTOBER2026,332499,main,https://raw.githubusercontent.com/uppermoon77/wasan/main/WN24OKTOBER2026
wasan,WN25OKTOBER2026,332499,main,https://raw.githubusercontent.com/uppermoon77/wasan/main/WN25OKTOBER2026
wasan,WN26OKTOBER2026,332499,main,https://raw.githubusercontent.com/uppermoon77/wasan/main/WN26OKTOBER2026
wasan,WN27OKTOBER2026,332499,main,https://raw.githubusercontent.com/uppermoon77/wasan/main/WN27OKTOBER2026
wasan,WN28OKTOBER2026,332499,main,https://raw.githubusercontent.com/uppermoon77/wasan/main/WN28OKTOBER2026
wasan,WN29OKTOBER2026,332499,main,https://raw.githubusercontent.com/uppermoon77/wasan/main/WN29OKTOBER2026
wasan,WN30OKTOBER2026,332499,main,https://raw.githubusercontent.com/uppermoon77/wasan/main/WN30OKTOBER2026
wasan,WN31OKTOBER2026,332499,main,https://raw.githubusercontent.com/uppermoon77/wasan/main/WN31OKTOBER2026
wasan,update_github_file.py,14661,main,https://raw.githubusercontent.com/uppermoon77/wasan/main/update_github_file.py
thetoys,.github/workflows/main.yml,935,main,https://raw.githubusercontent.com/uppermoon77/thetoys/main/.github/workflows/main.yml
thetoys,TT01JANUARI2026,332499,main,https://raw.githubusercontent.com/uppermoon77/thetoys/main/TT01JANUARI2026
thetoys,TT02JANUARI2026,332499,main,https://raw.githubusercontent.com/uppermoon77/thetoys/main/TT02JANUARI2026
thetoys,TT03JANUARI2026,332499,main,https://raw.githubusercontent.com/uppermoon77/thetoys/main/TT03JANUARI2026
thetoys,TT04JANUARI2026,332499,main,https://raw.githubusercontent.com/uppermoon77/thetoys/main/TT04JANUARI2026
thetoys,TT05JANUARI2026,332499,main,https://raw.githubusercontent.com/uppermoon77/thetoys/main/TT05JANUARI2026
thetoys,TT06JANUARI2026,332499,main,https://raw.githubusercontent.com/uppermoon77/thetoys/main/TT06JANUARI2026
thetoys,TT07JANUARI2026,332499,main,https://raw.githubusercontent.com/uppermoon77/thetoys/main/TT07JANUARI2026
thetoys,TT08JANUARI2026,332499,main,https://raw.githubusercontent.com/uppermoon77/thetoys/main/TT08JANUARI2026
thetoys,TT09JANUARI2026,332499,main,https://raw.githubusercontent.com/uppermoon77/thetoys/main/TT09JANUARI2026
thetoys,TT10JANUARI2026,332499,main,https://raw.githubusercontent.com/uppermoon77/thetoys/main/TT10JANUARI2026
thetoys,TT11JANUARI2026,332499,main,https://raw.githubusercontent.com/uppermoon77/thetoys/main/TT11JANUARI2026
thetoys,TT12JANUARI2026,332499,main,https://raw.githubusercontent.com/uppermoon77/thetoys/main/TT12JANUARI2026
thetoys,TT13JANUARI2026,332499,main,https://raw.githubusercontent.com/uppermoon77/thetoys/main/TT13JANUARI2026
thetoys,TT14JANUARI2026,332499,main,https://raw.githubusercontent.com/uppermoon77/thetoys/main/TT14JANUARI2026
thetoys,TT15JANUARI2026,332499,main,https://raw.githubusercontent.com/uppermoon77/thetoys/main/TT15JANUARI2026
thetoys,TT16JANUARI2026,332499,main,https://raw.githubusercontent.com/uppermoon77/thetoys/main/TT16JANUARI2026
thetoys,TT17JANUARI2026,332499,main,https://raw.githubusercontent.com/uppermoon77/thetoys/main/TT17JANUARI2026
thetoys,TT18JANUARI2026,332499,main,https://raw.githubusercontent.com/uppermoon77/thetoys/main/TT18JANUARI2026
thetoys,TT19JANUARI2026,332499,main,https://raw.githubusercontent.com/uppermoon77/thetoys/main/TT19JANUARI2026
thetoys,TT20JANUARI2026,332499,main,https://raw.githubusercontent.com/uppermoon77/thetoys/main/TT20JANUARI2026
thetoys,TT21JANUARI2026,332499,main,https://raw.githubusercontent.com/uppermoon77/thetoys/main/TT21JANUARI2026
thetoys,TT22JANUARI2026,332499,main,https://raw.githubusercontent.com/uppermoon77/thetoys/main/TT22JANUARI2026
thetoys,TT23JANUARI2026,332499,main,https://raw.githubusercontent.com/uppermoon77/thetoys/main/TT23JANUARI2026
thetoys,TT24JANUARI2026,332499,main,https://raw.githubusercontent.com/uppermoon77/thetoys/main/TT24JANUARI2026
thetoys,TT25JANUARI2026,332499,main,https://raw.githubusercontent.com/uppermoon77/thetoys/main/TT25JANUARI2026
thetoys,TT26JANUARI2026,332499,main,https://raw.githubusercontent.com/uppermoon77/thetoys/main/TT26JANUARI2026
thetoys,TT27JANUARI2026,332499,main,https://raw.githubusercontent.com/uppermoon77/thetoys/main/TT27JANUARI2026
thetoys,TT28JANUARI2026,332499,main,https://raw.githubusercontent.com/uppermoon77/thetoys/main/TT28JANUARI2026
thetoys,TT29JANUARI2026,332499,main,https://raw.githubusercontent.com/uppermoon77/thetoys/main/TT29JANUARI2026
thetoys,TT30JANUARI2026,332499,main,https://raw.githubusercontent.com/uppermoon77/thetoys/main/TT30JANUARI2026
thetoys,TT31JANUARI2026,332499,main,https://raw.githubusercontent.com/uppermoon77/thetoys/main/TT31JANUARI2026
thetoys,update_github_file.py,14459,main,https://raw.githubusercontent.com/uppermoon77/thetoys/main/update_github_file.py
suppasara,.github/workflows/main.yml,937,main,https://raw.githubusercontent.com/uppermoon77/suppasara/main/.github/workflows/main.yml
suppasara,SA01JUNI2026,332496,main,https://raw.githubusercontent.com/uppermoon77/suppasara/main/SA01JUNI2026
suppasara,SA02JUNI2026,332496,main,https://raw.githubusercontent.com/uppermoon77/suppasara/main/SA02JUNI2026
suppasara,SA03JUNI2026,332496,main,https://raw.githubusercontent.com/uppermoon77/suppasara/main/SA03JUNI2026
suppasara,SA04JUNI2026,332496,main,https://raw.githubusercontent.com/uppermoon77/suppasara/main/SA04JUNI2026
suppasara,SA05JUNI2026,332496,main,https://raw.githubusercontent.com/uppermoon77/suppasara/main/SA05JUNI2026
suppasara,SA06JUNI2026,332496,main,https://raw.githubusercontent.com/uppermoon77/suppasara/main/SA06JUNI2026
suppasara,SA07JUNI2026,332496,main,https://raw.githubusercontent.com/uppermoon77/suppasara/main/SA07JUNI2026
suppasara,SA08JUNI2026,332496,main,https://raw.githubusercontent.com/uppermoon77/suppasara/main/SA08JUNI2026
suppasara,SA09JUNI2026,332496,main,https://raw.githubusercontent.com/uppermoon77/suppasara/main/SA09JUNI2026
suppasara,SA10JUNI2026,332496,main,https://raw.githubusercontent.com/uppermoon77/suppasara/main/SA10JUNI2026
suppasara,SA11JUNI2026,332496,main,https://raw.githubusercontent.com/uppermoon77/suppasara/main/SA11JUNI2026
suppasara,SA12JUNI2026,332496,main,https://raw.githubusercontent.com/uppermoon77/suppasara/main/SA12JUNI2026
suppasara,SA13JUNI2026,332496,main,https://raw.githubusercontent.com/uppermoon77/suppasara/main/SA13JUNI2026
suppasara,SA14JUNI2026,332496,main,https://raw.githubusercontent.com/uppermoon77/suppasara/main/SA14JUNI2026
suppasara,SA15JUNI2026,332496,main,https://raw.githubusercontent.com/uppermoon77/suppasara/main/SA15JUNI2026
suppasara,SA16JUNI2026,332496,main,https://raw.githubusercontent.com/uppermoon77/suppasara/main/SA16JUNI2026
suppasara,SA17JUNI2026,332496,main,https://raw.githubusercontent.com/uppermoon77/suppasara/main/SA17JUNI2026
suppasara,SA18JUNI2026,332496,main,https://raw.githubusercontent.com/uppermoon77/suppasara/main/SA18JUNI2026
suppasara,SA19JUNI2026,332496,main,https://raw.githubusercontent.com/uppermoon77/suppasara/main/SA19JUNI2026
suppasara,SA20JUNI2026,332496,main,https://raw.githubusercontent.com/uppermoon77/suppasara/main/SA20JUNI2026
suppasara,SA21JUNI2026,332496,main,https://raw.githubusercontent.com/uppermoon77/suppasara/main/SA21JUNI2026
suppasara,SA22JUNI2026,332496,main,https://raw.githubusercontent.com/uppermoon77/suppasara/main/SA22JUNI2026
suppasara,SA23JUNI2026,332496,main,https://raw.githubusercontent.com/uppermoon77/suppasara/main/SA23JUNI2026
suppasara,SA24JUNI2026,332496,main,https://raw.githubusercontent.com/uppermoon77/suppasara/main/SA24JUNI2026
suppasara,SA25JUNI2026,332496,main,https://raw.githubusercontent.com/uppermoon77/suppasara/main/SA25JUNI2026
suppasara,SA26JUNI2026,332496,main,https://raw.githubusercontent.com/uppermoon77/suppasara/main/SA26JUNI2026
suppasara,SA27JUNI2026,332496,main,https://raw.githubusercontent.com/uppermoon77/suppasara/main/SA27JUNI2026
suppasara,SA28JUNI2026,332496,main,https://raw.githubusercontent.com/uppermoon77/suppasara/main/SA28JUNI2026
suppasara,SA29JUNI2026,332496,main,https://raw.githubusercontent.com/uppermoon77/suppasara/main/SA29JUNI2026
suppasara,SA30JUNI2026,332496,main,https://raw.githubusercontent.com/uppermoon77/suppasara/main/SA30JUNI2026
suppasara,update_github_file.py,14659,main,https://raw.githubusercontent.com/uppermoon77/suppasara/main/update_github_file.py
